"region","panel","period","period_start","period_end","period_years","sido","sigungu","cumulative_cases","mean_population","observed_years","population_years","annual_avg_incidence_per_100k","zero_case_period","gunwi_2023_crosswalk_note","incidence_class","class_basis"
"강원도강릉시","A. 2001-2010","2001-2010",2001,2010,10,"강원도","강릉시",5,223940.1,10,2239401,0.22327399157185338,FALSE,"","0.10-0.25","shared fixed breaks across both periods; zero separated"
"강원도고성군","A. 2001-2010","2001-2010",2001,2010,10,"강원도","고성군",0,31765.2,10,317652,0,TRUE,"","0","shared fixed breaks across both periods; zero separated"
"강원도동해시","A. 2001-2010","2001-2010",2001,2010,10,"강원도","동해시",0,98845.6,10,988456,0,TRUE,"","0","shared fixed breaks across both periods; zero separated"
"강원도삼척시","A. 2001-2010","2001-2010",2001,2010,10,"강원도","삼척시",0,73787.4,10,737874,0,TRUE,"","0","shared fixed breaks across both periods; zero separated"
"강원도속초시","A. 2001-2010","2001-2010",2001,2010,10,"강원도","속초시",2,86853,10,868530,0.23027414136529537,FALSE,"","0.10-0.25","shared fixed breaks across both periods; zero separated"
"강원도양구군","A. 2001-2010","2001-2010",2001,2010,10,"강원도","양구군",0,21803.1,10,218031,0,TRUE,"","0","shared fixed breaks across both periods; zero separated"
"강원도양양군","A. 2001-2010","2001-2010",2001,2010,10,"강원도","양양군",1,28918.9,10,289189,0.34579461874414313,FALSE,"","0.25-0.75","shared fixed breaks across both periods; zero separated"
"강원도영월군","A. 2001-2010","2001-2010",2001,2010,10,"강원도","영월군",1,42701.9,10,427019,0.23418161721141215,FALSE,"","0.10-0.25","shared fixed breaks across both periods; zero separated"
"강원도원주시","A. 2001-2010","2001-2010",2001,2010,10,"강원도","원주시",0,292442.7,10,2924427,0,TRUE,"","0","shared fixed breaks across both periods; zero separated"
"강원도인제군","A. 2001-2010","2001-2010",2001,2010,10,"강원도","인제군",0,32237.1,10,322371,0,TRUE,"","0","shared fixed breaks across both periods; zero separated"
"강원도정선군","A. 2001-2010","2001-2010",2001,2010,10,"강원도","정선군",0,44413.5,10,444135,0,TRUE,"","0","shared fixed breaks across both periods; zero separated"
"강원도철원군","A. 2001-2010","2001-2010",2001,2010,10,"강원도","철원군",0,49116.4,10,491164,0,TRUE,"","0","shared fixed breaks across both periods; zero separated"
"강원도춘천시","A. 2001-2010","2001-2010",2001,2010,10,"강원도","춘천시",0,257760.5,10,2577605,0,TRUE,"","0","shared fixed breaks across both periods; zero separated"
"강원도태백시","A. 2001-2010","2001-2010",2001,2010,10,"강원도","태백시",0,52642.1,10,526421,0,TRUE,"","0","shared fixed breaks across both periods; zero separated"
"강원도평창군","A. 2001-2010","2001-2010",2001,2010,10,"강원도","평창군",0,44875.6,10,448756,0,TRUE,"","0","shared fixed breaks across both periods; zero separated"
"강원도홍천군","A. 2001-2010","2001-2010",2001,2010,10,"강원도","홍천군",0,71064,10,710640,0,TRUE,"","0","shared fixed breaks across both periods; zero separated"
"강원도화천군","A. 2001-2010","2001-2010",2001,2010,10,"강원도","화천군",0,24054.3,10,240543,0,TRUE,"","0","shared fixed breaks across both periods; zero separated"
"강원도횡성군","A. 2001-2010","2001-2010",2001,2010,10,"강원도","횡성군",0,44092.1,10,440921,0,TRUE,"","0","shared fixed breaks across both periods; zero separated"
"경기도가평군","A. 2001-2010","2001-2010",2001,2010,10,"경기도","가평군",0,56043.2,10,560432,0,TRUE,"","0","shared fixed breaks across both periods; zero separated"
"경기도고양시","A. 2001-2010","2001-2010",2001,2010,10,"경기도","고양시",8,896606,10,8966060,0.08922536766428063,FALSE,"","0.05-0.10","shared fixed breaks across both periods; zero separated"
"경기도과천시","A. 2001-2010","2001-2010",2001,2010,10,"경기도","과천시",0,67788,10,677880,0,TRUE,"","0","shared fixed breaks across both periods; zero separated"
"경기도광명시","A. 2001-2010","2001-2010",2001,2010,10,"경기도","광명시",5,326757.7,10,3267577,0.15301858227059378,FALSE,"","0.10-0.25","shared fixed breaks across both periods; zero separated"
"경기도광주시","A. 2001-2010","2001-2010",2001,2010,10,"경기도","광주시",1,211461.3,10,2114613,0.047289976936678246,FALSE,"",">0-0.05","shared fixed breaks across both periods; zero separated"
"경기도구리시","A. 2001-2010","2001-2010",2001,2010,10,"경기도","구리시",1,193547.5,10,1935475,0.05166690347330759,FALSE,"","0.05-0.10","shared fixed breaks across both periods; zero separated"
"경기도군포시","A. 2001-2010","2001-2010",2001,2010,10,"경기도","군포시",1,275602,10,2756020,0.036284206936089,FALSE,"",">0-0.05","shared fixed breaks across both periods; zero separated"
"경기도김포시","A. 2001-2010","2001-2010",2001,2010,10,"경기도","김포시",0,209103.7,10,2091037,0,TRUE,"","0","shared fixed breaks across both periods; zero separated"
"경기도남양주시","A. 2001-2010","2001-2010",2001,2010,10,"경기도","남양주시",2,459800.7,10,4598007,0.043497106463735266,FALSE,"",">0-0.05","shared fixed breaks across both periods; zero separated"
"경기도동두천시","A. 2001-2010","2001-2010",2001,2010,10,"경기도","동두천시",0,83829.7,10,838297,0,TRUE,"","0","shared fixed breaks across both periods; zero separated"
"경기도부천시","A. 2001-2010","2001-2010",2001,2010,10,"경기도","부천시",2,848978.5,10,8489785,0.023557722604282676,FALSE,"",">0-0.05","shared fixed breaks across both periods; zero separated"
"경기도성남시","A. 2001-2010","2001-2010",2001,2010,10,"경기도","성남시",7,960019.7,10,9600197,0.07291517038660769,FALSE,"","0.05-0.10","shared fixed breaks across both periods; zero separated"
"경기도수원시","A. 2001-2010","2001-2010",2001,2010,10,"경기도","수원시",5,1046165.4,10,10461654,0.047793589809030194,FALSE,"",">0-0.05","shared fixed breaks across both periods; zero separated"
"경기도시흥시","A. 2001-2010","2001-2010",2001,2010,10,"경기도","시흥시",0,380084.3,10,3800843,0,TRUE,"","0","shared fixed breaks across both periods; zero separated"
"경기도안산시","A. 2001-2010","2001-2010",2001,2010,10,"경기도","안산시",3,674923.2,10,6749232,0.044449501809983714,FALSE,"",">0-0.05","shared fixed breaks across both periods; zero separated"
"경기도안성시","A. 2001-2010","2001-2010",2001,2010,10,"경기도","안성시",0,159405.4,10,1594054,0,TRUE,"","0","shared fixed breaks across both periods; zero separated"
"경기도안양시","A. 2001-2010","2001-2010",2001,2010,10,"경기도","안양시",12,614473.1,10,6144731,0.1952892649002861,FALSE,"","0.10-0.25","shared fixed breaks across both periods; zero separated"
"경기도양주시","A. 2001-2010","2001-2010",2001,2010,10,"경기도","양주시",0,164856.5,10,1648565,0,TRUE,"","0","shared fixed breaks across both periods; zero separated"
"경기도양평군","A. 2001-2010","2001-2010",2001,2010,10,"경기도","양평군",0,87089.9,10,870899,0,TRUE,"","0","shared fixed breaks across both periods; zero separated"
"경기도여주시","A. 2001-2010","2001-2010",2001,2010,10,"경기도","여주시",0,105793.5,10,1057935,0,TRUE,"","0","shared fixed breaks across both periods; zero separated"
"경기도연천군","A. 2001-2010","2001-2010",2001,2010,10,"경기도","연천군",0,47493.6,10,474936,0,TRUE,"","0","shared fixed breaks across both periods; zero separated"
"경기도오산시","A. 2001-2010","2001-2010",2001,2010,10,"경기도","오산시",0,137445.5,10,1374455,0,TRUE,"","0","shared fixed breaks across both periods; zero separated"
"경기도용인시","A. 2001-2010","2001-2010",2001,2010,10,"경기도","용인시",4,698603.9,10,6986039,0.05725705224376789,FALSE,"","0.05-0.10","shared fixed breaks across both periods; zero separated"
"경기도의왕시","A. 2001-2010","2001-2010",2001,2010,10,"경기도","의왕시",4,138852.8,10,1388528,0.28807485336989963,FALSE,"","0.25-0.75","shared fixed breaks across both periods; zero separated"
"경기도의정부시","A. 2001-2010","2001-2010",2001,2010,10,"경기도","의정부시",0,406686.9,10,4066869,0,TRUE,"","0","shared fixed breaks across both periods; zero separated"
"경기도이천시","A. 2001-2010","2001-2010",2001,2010,10,"경기도","이천시",2,193741.6,10,1937416,0.10323028198383827,FALSE,"","0.10-0.25","shared fixed breaks across both periods; zero separated"
"경기도파주시","A. 2001-2010","2001-2010",2001,2010,10,"경기도","파주시",1,279194.6,10,2791946,0.035817311652875806,FALSE,"",">0-0.05","shared fixed breaks across both periods; zero separated"
"경기도평택시","A. 2001-2010","2001-2010",2001,2010,10,"경기도","평택시",0,387184.5,10,3871845,0,TRUE,"","0","shared fixed breaks across both periods; zero separated"
"경기도포천시","A. 2001-2010","2001-2010",2001,2010,10,"경기도","포천시",1,154781.5,10,1547815,0.064607204349357,FALSE,"","0.05-0.10","shared fixed breaks across both periods; zero separated"
"경기도하남시","A. 2001-2010","2001-2010",2001,2010,10,"경기도","하남시",1,135691.7,10,1356917,0.07369647517128902,FALSE,"","0.05-0.10","shared fixed breaks across both periods; zero separated"
"경기도화성시","A. 2001-2010","2001-2010",2001,2010,10,"경기도","화성시",2,337063.6,10,3370636,0.059335982882755656,FALSE,"","0.05-0.10","shared fixed breaks across both periods; zero separated"
"경상남도거창군","A. 2001-2010","2001-2010",2001,2010,10,"경상남도","거창군",1,65028.3,10,650283,0.15377920074798201,FALSE,"","0.10-0.25","shared fixed breaks across both periods; zero separated"
"경상남도고성군","A. 2001-2010","2001-2010",2001,2010,10,"경상남도","고성군",3,57568.5,10,575685,0.5211183199145366,FALSE,"","0.25-0.75","shared fixed breaks across both periods; zero separated"
"경상남도김해시","A. 2001-2010","2001-2010",2001,2010,10,"경상남도","김해시",9,441390.2,10,4413902,0.20390121937460323,FALSE,"","0.10-0.25","shared fixed breaks across both periods; zero separated"
"경상남도밀양시","A. 2001-2010","2001-2010",2001,2010,10,"경상남도","밀양시",1,114517.3,10,1145173,0.08732305075303033,FALSE,"","0.05-0.10","shared fixed breaks across both periods; zero separated"
"경상남도사천시","A. 2001-2010","2001-2010",2001,2010,10,"경상남도","사천시",1,113939.9,10,1139399,0.08776556763697353,FALSE,"","0.05-0.10","shared fixed breaks across both periods; zero separated"
"경상남도산청군","A. 2001-2010","2001-2010",2001,2010,10,"경상남도","산청군",0,36604.8,10,366048,0,TRUE,"","0","shared fixed breaks across both periods; zero separated"
"경상남도양산시","A. 2001-2010","2001-2010",2001,2010,10,"경상남도","양산시",14,226508.9,10,2265089,0.6180772587743794,FALSE,"","0.25-0.75","shared fixed breaks across both periods; zero separated"
"경상남도의령군","A. 2001-2010","2001-2010",2001,2010,10,"경상남도","의령군",1,31691.6,10,316916,0.3155410266442843,FALSE,"","0.25-0.75","shared fixed breaks across both periods; zero separated"
"경상남도진주시","A. 2001-2010","2001-2010",2001,2010,10,"경상남도","진주시",11,335311.6,10,3353116,0.32805307063638717,FALSE,"","0.25-0.75","shared fixed breaks across both periods; zero separated"
"경상남도창녕군","A. 2001-2010","2001-2010",2001,2010,10,"경상남도","창녕군",0,64862.6,10,648626,0,TRUE,"","0","shared fixed breaks across both periods; zero separated"
"경상남도창원시","A. 2001-2010","2001-2010",2001,2010,10,"경상남도","창원시",0,1086583.6,10,10865836,0,TRUE,"","0","shared fixed breaks across both periods; zero separated"
"경상남도통영시","A. 2001-2010","2001-2010",2001,2010,10,"경상남도","통영시",1,135037.3,10,1350373,0.07405361333498227,FALSE,"","0.05-0.10","shared fixed breaks across both periods; zero separated"
"경상남도하동군","A. 2001-2010","2001-2010",2001,2010,10,"경상남도","하동군",2,54855.5,10,548555,0.3645942521716145,FALSE,"","0.25-0.75","shared fixed breaks across both periods; zero separated"
"경상남도함안군","A. 2001-2010","2001-2010",2001,2010,10,"경상남도","함안군",3,64474.2,10,644742,0.4653024000297794,FALSE,"","0.25-0.75","shared fixed breaks across both periods; zero separated"
"경상남도함양군","A. 2001-2010","2001-2010",2001,2010,10,"경상남도","함양군",0,41945.2,10,419452,0,TRUE,"","0","shared fixed breaks across both periods; zero separated"
"경상남도합천군","A. 2001-2010","2001-2010",2001,2010,10,"경상남도","합천군",1,56377.5,10,563775,0.17737572613187885,FALSE,"","0.10-0.25","shared fixed breaks across both periods; zero separated"
"경상북도경산시","A. 2001-2010","2001-2010",2001,2010,10,"경상북도","경산시",0,228433.6,10,2284336,0,TRUE,"","0","shared fixed breaks across both periods; zero separated"
"경상북도경주시","A. 2001-2010","2001-2010",2001,2010,10,"경상북도","경주시",4,275576.1,10,2755761,0.14515046841870538,FALSE,"","0.10-0.25","shared fixed breaks across both periods; zero separated"
"경상북도고령군","A. 2001-2010","2001-2010",2001,2010,10,"경상북도","고령군",0,35017.6,10,350176,0,TRUE,"","0","shared fixed breaks across both periods; zero separated"
"경상북도구미시","A. 2001-2010","2001-2010",2001,2010,10,"경상북도","구미시",2,376375.4,10,3763754,0.05313843572135692,FALSE,"","0.05-0.10","shared fixed breaks across both periods; zero separated"
"경상북도김천시","A. 2001-2010","2001-2010",2001,2010,10,"경상북도","김천시",1,142186.5,10,1421865,0.0703301649594019,FALSE,"","0.05-0.10","shared fixed breaks across both periods; zero separated"
"경상북도문경시","A. 2001-2010","2001-2010",2001,2010,10,"경상북도","문경시",0,79218.7,10,792187,0,TRUE,"","0","shared fixed breaks across both periods; zero separated"
"경상북도봉화군","A. 2001-2010","2001-2010",2001,2010,10,"경상북도","봉화군",0,36892.6,10,368926,0,TRUE,"","0","shared fixed breaks across both periods; zero separated"
"경상북도상주시","A. 2001-2010","2001-2010",2001,2010,10,"경상북도","상주시",2,111148.8,10,1111488,0.17993896470317267,FALSE,"","0.10-0.25","shared fixed breaks across both periods; zero separated"
"경상북도성주군","A. 2001-2010","2001-2010",2001,2010,10,"경상북도","성주군",0,47345.4,10,473454,0,TRUE,"","0","shared fixed breaks across both periods; zero separated"
"경상북도안동시","A. 2001-2010","2001-2010",2001,2010,10,"경상북도","안동시",2,172153.2,10,1721532,0.11617559243743363,FALSE,"","0.10-0.25","shared fixed breaks across both periods; zero separated"
"경상북도영덕군","A. 2001-2010","2001-2010",2001,2010,10,"경상북도","영덕군",0,45571.3,10,455713,0,TRUE,"","0","shared fixed breaks across both periods; zero separated"
"경상북도영양군","A. 2001-2010","2001-2010",2001,2010,10,"경상북도","영양군",0,19906.3,10,199063,0,TRUE,"","0","shared fixed breaks across both periods; zero separated"
"경상북도영주시","A. 2001-2010","2001-2010",2001,2010,10,"경상북도","영주시",0,119237.7,10,1192377,0,TRUE,"","0","shared fixed breaks across both periods; zero separated"
"경상북도영천시","A. 2001-2010","2001-2010",2001,2010,10,"경상북도","영천시",0,108384.7,10,1083847,0,TRUE,"","0","shared fixed breaks across both periods; zero separated"
"경상북도예천군","A. 2001-2010","2001-2010",2001,2010,10,"경상북도","예천군",0,51199.1,10,511991,0,TRUE,"","0","shared fixed breaks across both periods; zero separated"
"경상북도울진군","A. 2001-2010","2001-2010",2001,2010,10,"경상북도","울진군",0,57255.9,10,572559,0,TRUE,"","0","shared fixed breaks across both periods; zero separated"
"경상북도의성군","A. 2001-2010","2001-2010",2001,2010,10,"경상북도","의성군",0,64597.5,10,645975,0,TRUE,"","0","shared fixed breaks across both periods; zero separated"
"경상북도청도군","A. 2001-2010","2001-2010",2001,2010,10,"경상북도","청도군",0,47159.1,10,471591,0,TRUE,"","0","shared fixed breaks across both periods; zero separated"
"경상북도청송군","A. 2001-2010","2001-2010",2001,2010,10,"경상북도","청송군",1,29379.8,10,293798,0.3403699140225597,FALSE,"","0.25-0.75","shared fixed breaks across both periods; zero separated"
"경상북도칠곡군","A. 2001-2010","2001-2010",2001,2010,10,"경상북도","칠곡군",2,110874.3,10,1108743,0.18038445338550052,FALSE,"","0.10-0.25","shared fixed breaks across both periods; zero separated"
"경상북도포항시","A. 2001-2010","2001-2010",2001,2010,10,"경상북도","포항시",3,509264.9,10,5092649,0.05890843841780574,FALSE,"","0.05-0.10","shared fixed breaks across both periods; zero separated"
"광주시광산구","A. 2001-2010","2001-2010",2001,2010,10,"광주시","광산구",7,308296.2,10,3082962,0.2270543717373098,FALSE,"","0.10-0.25","shared fixed breaks across both periods; zero separated"
"광주시남구","A. 2001-2010","2001-2010",2001,2010,10,"광주시","남구",1,215584.8,10,2155848,0.04638545945725302,FALSE,"",">0-0.05","shared fixed breaks across both periods; zero separated"
"광주시동구","A. 2001-2010","2001-2010",2001,2010,10,"광주시","동구",0,113644.2,10,1136442,0,TRUE,"","0","shared fixed breaks across both periods; zero separated"
"광주시북구","A. 2001-2010","2001-2010",2001,2010,10,"광주시","북구",4,465799.1,10,4657991,0.08587393148677187,FALSE,"","0.05-0.10","shared fixed breaks across both periods; zero separated"
"광주시서구","A. 2001-2010","2001-2010",2001,2010,10,"광주시","서구",6,307887.3,10,3078873,0.19487650188884048,FALSE,"","0.10-0.25","shared fixed breaks across both periods; zero separated"
"대구시군위군","A. 2001-2010","2001-2010",2001,2010,10,"대구시","군위군",0,27948.4,10,279484,0,TRUE,"final.shp label used; raw source not modified","0","shared fixed breaks across both periods; zero separated"
"대구시남구","A. 2001-2010","2001-2010",2001,2010,10,"대구시","남구",0,180671,10,1806710,0,TRUE,"","0","shared fixed breaks across both periods; zero separated"
"대구시달서구","A. 2001-2010","2001-2010",2001,2010,10,"대구시","달서구",3,598629.3,10,5986293,0.05011448654451093,FALSE,"","0.05-0.10","shared fixed breaks across both periods; zero separated"
"대구시달성군","A. 2001-2010","2001-2010",2001,2010,10,"대구시","달성군",0,162830.5,10,1628305,0,TRUE,"","0","shared fixed breaks across both periods; zero separated"
"대구시동구","A. 2001-2010","2001-2010",2001,2010,10,"대구시","동구",1,337122.4,10,3371224,0.029662816828546545,FALSE,"",">0-0.05","shared fixed breaks across both periods; zero separated"
"대구시북구","A. 2001-2010","2001-2010",2001,2010,10,"대구시","북구",4,451860.8,10,4518608,0.0885228371215206,FALSE,"","0.05-0.10","shared fixed breaks across both periods; zero separated"
"대구시서구","A. 2001-2010","2001-2010",2001,2010,10,"대구시","서구",0,248647.6,10,2486476,0,TRUE,"","0","shared fixed breaks across both periods; zero separated"
"대구시수성구","A. 2001-2010","2001-2010",2001,2010,10,"대구시","수성구",3,449028.5,10,4490285,0.06681090398493636,FALSE,"","0.05-0.10","shared fixed breaks across both periods; zero separated"
"대구시중구","A. 2001-2010","2001-2010",2001,2010,10,"대구시","중구",0,81213,10,812130,0,TRUE,"","0","shared fixed breaks across both periods; zero separated"
"대전시대덕구","A. 2001-2010","2001-2010",2001,2010,10,"대전시","대덕구",0,219785.1,10,2197851,0,TRUE,"","0","shared fixed breaks across both periods; zero separated"
"대전시동구","A. 2001-2010","2001-2010",2001,2010,10,"대전시","동구",0,242270.3,10,2422703,0,TRUE,"","0","shared fixed breaks across both periods; zero separated"
"대전시서구","A. 2001-2010","2001-2010",2001,2010,10,"대전시","서구",5,500565.4,10,5005654,0.09988704772643095,FALSE,"","0.05-0.10","shared fixed breaks across both periods; zero separated"
"대전시유성구","A. 2001-2010","2001-2010",2001,2010,10,"대전시","유성구",3,227905.8,10,2279058,0.13163333271904445,FALSE,"","0.10-0.25","shared fixed breaks across both periods; zero separated"
"대전시중구","A. 2001-2010","2001-2010",2001,2010,10,"대전시","중구",1,265843.2,10,2658432,0.037616158698059614,FALSE,"",">0-0.05","shared fixed breaks across both periods; zero separated"
"부산시강서구","A. 2001-2010","2001-2010",2001,2010,10,"부산시","강서구",0,56378.9,10,563789,0,TRUE,"","0","shared fixed breaks across both periods; zero separated"
"부산시금정구","A. 2001-2010","2001-2010",2001,2010,10,"부산시","금정구",195,266102.1,10,2661021,7.328014322322146,FALSE,"",">0.75","shared fixed breaks across both periods; zero separated"
"부산시기장군","A. 2001-2010","2001-2010",2001,2010,10,"부산시","기장군",8,82207.3,10,822073,0.9731495864722476,FALSE,"",">0.75","shared fixed breaks across both periods; zero separated"
"부산시남구","A. 2001-2010","2001-2010",2001,2010,10,"부산시","남구",8,301133.6,10,3011336,0.2656628154413855,FALSE,"","0.25-0.75","shared fixed breaks across both periods; zero separated"
"부산시동구","A. 2001-2010","2001-2010",2001,2010,10,"부산시","동구",4,110424.8,10,1104248,0.3622374683947809,FALSE,"","0.25-0.75","shared fixed breaks across both periods; zero separated"
"부산시동래구","A. 2001-2010","2001-2010",2001,2010,10,"부산시","동래구",32,283479.9,10,2834799,1.1288278287102542,FALSE,"",">0.75","shared fixed breaks across both periods; zero separated"
"부산시부산진구","A. 2001-2010","2001-2010",2001,2010,10,"부산시","부산진구",20,407407.5,10,4074075,0.4909089793388683,FALSE,"","0.25-0.75","shared fixed breaks across both periods; zero separated"
"부산시북구","A. 2001-2010","2001-2010",2001,2010,10,"부산시","북구",8,322923.4,10,3229234,0.24773676977264575,FALSE,"","0.10-0.25","shared fixed breaks across both periods; zero separated"
"부산시사상구","A. 2001-2010","2001-2010",2001,2010,10,"부산시","사상구",12,275292.5,10,2752925,0.435899997275625,FALSE,"","0.25-0.75","shared fixed breaks across both periods; zero separated"
"부산시사하구","A. 2001-2010","2001-2010",2001,2010,10,"부산시","사하구",4,369899.6,10,3698996,0.10813745135166407,FALSE,"","0.10-0.25","shared fixed breaks across both periods; zero separated"
"부산시서구","A. 2001-2010","2001-2010",2001,2010,10,"부산시","서구",5,137650.5,10,1376505,0.36323878227830625,FALSE,"","0.25-0.75","shared fixed breaks across both periods; zero separated"
"부산시수영구","A. 2001-2010","2001-2010",2001,2010,10,"부산시","수영구",6,178410.1,10,1784101,0.3363038303324756,FALSE,"","0.25-0.75","shared fixed breaks across both periods; zero separated"
"부산시연제구","A. 2001-2010","2001-2010",2001,2010,10,"부산시","연제구",11,218298.7,10,2182987,0.5038967249919492,FALSE,"","0.25-0.75","shared fixed breaks across both periods; zero separated"
"부산시영도구","A. 2001-2010","2001-2010",2001,2010,10,"부산시","영도구",3,161499.7,10,1614997,0.1857588589947845,FALSE,"","0.10-0.25","shared fixed breaks across both periods; zero separated"
"부산시중구","A. 2001-2010","2001-2010",2001,2010,10,"부산시","중구",2,52091.6,10,520916,0.38393906119220755,FALSE,"","0.25-0.75","shared fixed breaks across both periods; zero separated"
"부산시해운대구","A. 2001-2010","2001-2010",2001,2010,10,"부산시","해운대구",21,413969,10,4139690,0.5072843618725074,FALSE,"","0.25-0.75","shared fixed breaks across both periods; zero separated"
"서울시강남구","A. 2001-2010","2001-2010",2001,2010,10,"서울시","강남구",6,548516.8,10,5485168,0.10938589301184577,FALSE,"","0.10-0.25","shared fixed breaks across both periods; zero separated"
"서울시강동구","A. 2001-2010","2001-2010",2001,2010,10,"서울시","강동구",2,475509.1,10,4755091,0.042060183495962536,FALSE,"",">0-0.05","shared fixed breaks across both periods; zero separated"
"서울시강북구","A. 2001-2010","2001-2010",2001,2010,10,"서울시","강북구",3,351137.7,10,3511377,0.08543656804723618,FALSE,"","0.05-0.10","shared fixed breaks across both periods; zero separated"
"서울시강서구","A. 2001-2010","2001-2010",2001,2010,10,"서울시","강서구",3,552132.4,10,5521324,0.05433479361109763,FALSE,"","0.05-0.10","shared fixed breaks across both periods; zero separated"
"서울시관악구","A. 2001-2010","2001-2010",2001,2010,10,"서울시","관악구",4,529925,10,5299250,0.07548237958201633,FALSE,"","0.05-0.10","shared fixed breaks across both periods; zero separated"
"서울시광진구","A. 2001-2010","2001-2010",2001,2010,10,"서울시","광진구",2,379165.6,10,3791656,0.05274740113554605,FALSE,"","0.05-0.10","shared fixed breaks across both periods; zero separated"
"서울시구로구","A. 2001-2010","2001-2010",2001,2010,10,"서울시","구로구",8,418164.3,10,4181643,0.19131236215047528,FALSE,"","0.10-0.25","shared fixed breaks across both periods; zero separated"
"서울시금천구","A. 2001-2010","2001-2010",2001,2010,10,"서울시","금천구",1,253934.9,10,2539349,0.039380171847193904,FALSE,"",">0-0.05","shared fixed breaks across both periods; zero separated"
"서울시노원구","A. 2001-2010","2001-2010",2001,2010,10,"서울시","노원구",0,624334.8,10,6243348,0,TRUE,"","0","shared fixed breaks across both periods; zero separated"
"서울시도봉구","A. 2001-2010","2001-2010",2001,2010,10,"서울시","도봉구",1,374871.3,10,3748713,0.026675821808711416,FALSE,"",">0-0.05","shared fixed breaks across both periods; zero separated"
"서울시동대문구","A. 2001-2010","2001-2010",2001,2010,10,"서울시","동대문구",2,376149.2,10,3761492,0.0531703908980798,FALSE,"","0.05-0.10","shared fixed breaks across both periods; zero separated"
"서울시동작구","A. 2001-2010","2001-2010",2001,2010,10,"서울시","동작구",2,405699.3,10,4056993,0.04929759553442661,FALSE,"",">0-0.05","shared fixed breaks across both periods; zero separated"
"서울시마포구","A. 2001-2010","2001-2010",2001,2010,10,"서울시","마포구",6,384986,10,3849860,0.15584982311045079,FALSE,"","0.10-0.25","shared fixed breaks across both periods; zero separated"
"서울시서대문구","A. 2001-2010","2001-2010",2001,2010,10,"서울시","서대문구",4,346710.4,10,3467104,0.11537006100768826,FALSE,"","0.10-0.25","shared fixed breaks across both periods; zero separated"
"서울시서초구","A. 2001-2010","2001-2010",2001,2010,10,"서울시","서초구",6,406122.2,10,4061222,0.14773878404086258,FALSE,"","0.10-0.25","shared fixed breaks across both periods; zero separated"
"서울시성동구","A. 2001-2010","2001-2010",2001,2010,10,"서울시","성동구",4,329770.8,10,3297708,0.12129636705251041,FALSE,"","0.10-0.25","shared fixed breaks across both periods; zero separated"
"서울시성북구","A. 2001-2010","2001-2010",2001,2010,10,"서울시","성북구",3,464260.2,10,4642602,0.06461893567443429,FALSE,"","0.05-0.10","shared fixed breaks across both periods; zero separated"
"서울시송파구","A. 2001-2010","2001-2010",2001,2010,10,"서울시","송파구",10,639876.5,10,6398765,0.15628015718658209,FALSE,"","0.10-0.25","shared fixed breaks across both periods; zero separated"
"서울시양천구","A. 2001-2010","2001-2010",2001,2010,10,"서울시","양천구",6,495978.4,10,4959784,0.12097301011495662,FALSE,"","0.10-0.25","shared fixed breaks across both periods; zero separated"
"서울시영등포구","A. 2001-2010","2001-2010",2001,2010,10,"서울시","영등포구",2,407119.3,10,4071193,0.049125649410381673,FALSE,"",">0-0.05","shared fixed breaks across both periods; zero separated"
"서울시용산구","A. 2001-2010","2001-2010",2001,2010,10,"서울시","용산구",1,235757.6,10,2357576,0.04241644808057089,FALSE,"",">0-0.05","shared fixed breaks across both periods; zero separated"
"서울시은평구","A. 2001-2010","2001-2010",2001,2010,10,"서울시","은평구",8,469772.1,10,4697721,0.1702953410813456,FALSE,"","0.10-0.25","shared fixed breaks across both periods; zero separated"
"서울시종로구","A. 2001-2010","2001-2010",2001,2010,10,"서울시","종로구",2,172918.7,10,1729187,0.11566129053711367,FALSE,"","0.10-0.25","shared fixed breaks across both periods; zero separated"
"서울시중구","A. 2001-2010","2001-2010",2001,2010,10,"서울시","중구",1,133103.8,10,1331038,0.07512933515046151,FALSE,"","0.05-0.10","shared fixed breaks across both periods; zero separated"
"서울시중랑구","A. 2001-2010","2001-2010",2001,2010,10,"서울시","중랑구",3,432160.9,10,4321609,0.06941858923377844,FALSE,"","0.05-0.10","shared fixed breaks across both periods; zero separated"
"세종시세종시","A. 2001-2010","2001-2010",2001,2010,10,"세종시","세종시",0,81786.9,10,817869,0,TRUE,"","0","shared fixed breaks across both periods; zero separated"
"울산시남구","A. 2001-2010","2001-2010",2001,2010,10,"울산시","남구",5,345391.3,10,3453913,0.1447633452261247,FALSE,"","0.10-0.25","shared fixed breaks across both periods; zero separated"
"울산시동구","A. 2001-2010","2001-2010",2001,2010,10,"울산시","동구",3,181754.3,10,1817543,0.1650579931258848,FALSE,"","0.10-0.25","shared fixed breaks across both periods; zero separated"
"울산시북구","A. 2001-2010","2001-2010",2001,2010,10,"울산시","북구",1,148409.7,10,1484097,0.06738104045759812,FALSE,"","0.05-0.10","shared fixed breaks across both periods; zero separated"
"울산시울주군","A. 2001-2010","2001-2010",2001,2010,10,"울산시","울주군",3,181258.2,10,1812582,0.16550975348977315,FALSE,"","0.10-0.25","shared fixed breaks across both periods; zero separated"
"울산시중구","A. 2001-2010","2001-2010",2001,2010,10,"울산시","중구",1,234054.8,10,2340548,0.04272503704260711,FALSE,"",">0-0.05","shared fixed breaks across both periods; zero separated"
"인천시강화군","A. 2001-2010","2001-2010",2001,2010,10,"인천시","강화군",0,66162.1,10,661621,0,TRUE,"","0","shared fixed breaks across both periods; zero separated"
"인천시계양구","A. 2001-2010","2001-2010",2001,2010,10,"인천시","계양구",3,341253,10,3412530,0.08791131506536207,FALSE,"","0.05-0.10","shared fixed breaks across both periods; zero separated"
"인천시남구","A. 2001-2010","2001-2010",2001,2010,10,"인천시","남구",9,423612,10,4236120,0.21245857057873715,FALSE,"","0.10-0.25","shared fixed breaks across both periods; zero separated"
"인천시남동구","A. 2001-2010","2001-2010",2001,2010,10,"인천시","남동구",5,416937.3,10,4169373,0.11992210819228695,FALSE,"","0.10-0.25","shared fixed breaks across both periods; zero separated"
"인천시동구","A. 2001-2010","2001-2010",2001,2010,10,"인천시","동구",0,77249.5,10,772495,0,TRUE,"","0","shared fixed breaks across both periods; zero separated"
"인천시부평구","A. 2001-2010","2001-2010",2001,2010,10,"인천시","부평구",3,562876.8,10,5628768,0.053297631026896115,FALSE,"","0.05-0.10","shared fixed breaks across both periods; zero separated"
"인천시서구","A. 2001-2010","2001-2010",2001,2010,10,"인천시","서구",4,376965.6,10,3769656,0.10611047798525913,FALSE,"","0.10-0.25","shared fixed breaks across both periods; zero separated"
"인천시연수구","A. 2001-2010","2001-2010",2001,2010,10,"인천시","연수구",4,265869.7,10,2658697,0.15044963754801693,FALSE,"","0.10-0.25","shared fixed breaks across both periods; zero separated"
"인천시중구","A. 2001-2010","2001-2010",2001,2010,10,"인천시","중구",0,87269.5,10,872695,0,TRUE,"","0","shared fixed breaks across both periods; zero separated"
"전라남도강진군","A. 2001-2010","2001-2010",2001,2010,10,"전라남도","강진군",0,43544.7,10,435447,0,TRUE,"","0","shared fixed breaks across both periods; zero separated"
"전라남도고흥군","A. 2001-2010","2001-2010",2001,2010,10,"전라남도","고흥군",0,83598.7,10,835987,0,TRUE,"","0","shared fixed breaks across both periods; zero separated"
"전라남도곡성군","A. 2001-2010","2001-2010",2001,2010,10,"전라남도","곡성군",0,34289.1,10,342891,0,TRUE,"","0","shared fixed breaks across both periods; zero separated"
"전라남도광양시","A. 2001-2010","2001-2010",2001,2010,10,"전라남도","광양시",0,139579.7,10,1395797,0,TRUE,"","0","shared fixed breaks across both periods; zero separated"
"전라남도구례군","A. 2001-2010","2001-2010",2001,2010,10,"전라남도","구례군",0,29465.7,10,294657,0,TRUE,"","0","shared fixed breaks across both periods; zero separated"
"전라남도나주시","A. 2001-2010","2001-2010",2001,2010,10,"전라남도","나주시",1,97338.6,10,973386,0.10273416712383371,FALSE,"","0.10-0.25","shared fixed breaks across both periods; zero separated"
"전라남도담양군","A. 2001-2010","2001-2010",2001,2010,10,"전라남도","담양군",1,50092.7,10,500927,0.1996298861910019,FALSE,"","0.10-0.25","shared fixed breaks across both periods; zero separated"
"전라남도목포시","A. 2001-2010","2001-2010",2001,2010,10,"전라남도","목포시",2,243682.1,10,2436821,0.08207414496181704,FALSE,"","0.05-0.10","shared fixed breaks across both periods; zero separated"
"전라남도무안군","A. 2001-2010","2001-2010",2001,2010,10,"전라남도","무안군",1,66187.8,10,661878,0.15108524531711282,FALSE,"","0.10-0.25","shared fixed breaks across both periods; zero separated"
"전라남도보성군","A. 2001-2010","2001-2010",2001,2010,10,"전라남도","보성군",0,53082.8,10,530828,0,TRUE,"","0","shared fixed breaks across both periods; zero separated"
"전라남도순천시","A. 2001-2010","2001-2010",2001,2010,10,"전라남도","순천시",5,270559.4,10,2705594,0.1848023021931598,FALSE,"","0.10-0.25","shared fixed breaks across both periods; zero separated"
"전라남도신안군","A. 2001-2010","2001-2010",2001,2010,10,"전라남도","신안군",0,47493.6,10,474936,0,TRUE,"","0","shared fixed breaks across both periods; zero separated"
"전라남도여수시","A. 2001-2010","2001-2010",2001,2010,10,"전라남도","여수시",0,302782.8,10,3027828,0,TRUE,"","0","shared fixed breaks across both periods; zero separated"
"전라남도영광군","A. 2001-2010","2001-2010",2001,2010,10,"전라남도","영광군",1,61713.8,10,617138,0.16203831233856933,FALSE,"","0.10-0.25","shared fixed breaks across both periods; zero separated"
"전라남도영암군","A. 2001-2010","2001-2010",2001,2010,10,"전라남도","영암군",0,61894.8,10,618948,0,TRUE,"","0","shared fixed breaks across both periods; zero separated"
"전라남도장성군","A. 2001-2010","2001-2010",2001,2010,10,"전라남도","장성군",0,49269.7,10,492697,0,TRUE,"","0","shared fixed breaks across both periods; zero separated"
"전라남도장흥군","A. 2001-2010","2001-2010",2001,2010,10,"전라남도","장흥군",0,45711,10,457110,0,TRUE,"","0","shared fixed breaks across both periods; zero separated"
"전라남도함평군","A. 2001-2010","2001-2010",2001,2010,10,"전라남도","함평군",0,39586.8,10,395868,0,TRUE,"","0","shared fixed breaks across both periods; zero separated"
"전라남도해남군","A. 2001-2010","2001-2010",2001,2010,10,"전라남도","해남군",0,86136,10,861360,0,TRUE,"","0","shared fixed breaks across both periods; zero separated"
"전라남도화순군","A. 2001-2010","2001-2010",2001,2010,10,"전라남도","화순군",0,73601.7,10,736017,0,TRUE,"","0","shared fixed breaks across both periods; zero separated"
"전라북도고창군","A. 2001-2010","2001-2010",2001,2010,10,"전라북도","고창군",1,64674.4,10,646744,0.15462068453669459,FALSE,"","0.10-0.25","shared fixed breaks across both periods; zero separated"
"전라북도군산시","A. 2001-2010","2001-2010",2001,2010,10,"전라북도","군산시",0,267057,10,2670570,0,TRUE,"","0","shared fixed breaks across both periods; zero separated"
"전라북도김제시","A. 2001-2010","2001-2010",2001,2010,10,"전라북도","김제시",0,102763.4,10,1027634,0,TRUE,"","0","shared fixed breaks across both periods; zero separated"
"전라북도남원시","A. 2001-2010","2001-2010",2001,2010,10,"전라북도","남원시",0,94055,10,940550,0,TRUE,"","0","shared fixed breaks across both periods; zero separated"
"전라북도무주군","A. 2001-2010","2001-2010",2001,2010,10,"전라북도","무주군",0,26618.6,10,266186,0,TRUE,"","0","shared fixed breaks across both periods; zero separated"
"전라북도부안군","A. 2001-2010","2001-2010",2001,2010,10,"전라북도","부안군",0,65247.4,10,652474,0,TRUE,"","0","shared fixed breaks across both periods; zero separated"
"전라북도순창군","A. 2001-2010","2001-2010",2001,2010,10,"전라북도","순창군",0,31735.7,10,317357,0,TRUE,"","0","shared fixed breaks across both periods; zero separated"
"전라북도완주군","A. 2001-2010","2001-2010",2001,2010,10,"전라북도","완주군",0,84005.9,10,840059,0,TRUE,"","0","shared fixed breaks across both periods; zero separated"
"전라북도익산시","A. 2001-2010","2001-2010",2001,2010,10,"전라북도","익산시",3,318289.1,10,3182891,0.09425393455195293,FALSE,"","0.05-0.10","shared fixed breaks across both periods; zero separated"
"전라북도임실군","A. 2001-2010","2001-2010",2001,2010,10,"전라북도","임실군",0,32866.9,10,328669,0,TRUE,"","0","shared fixed breaks across both periods; zero separated"
"전라북도장수군","A. 2001-2010","2001-2010",2001,2010,10,"전라북도","장수군",0,25940.6,10,259406,0,TRUE,"","0","shared fixed breaks across both periods; zero separated"
"전라북도전주시","A. 2001-2010","2001-2010",2001,2010,10,"전라북도","전주시",6,626664.7,10,6266647,0.09574498132733501,FALSE,"","0.05-0.10","shared fixed breaks across both periods; zero separated"
"전라북도정읍시","A. 2001-2010","2001-2010",2001,2010,10,"전라북도","정읍시",0,132447.5,10,1324475,0,TRUE,"","0","shared fixed breaks across both periods; zero separated"
"전라북도진안군","A. 2001-2010","2001-2010",2001,2010,10,"전라북도","진안군",0,29303,10,293030,0,TRUE,"","0","shared fixed breaks across both periods; zero separated"
"제주도서귀포시","A. 2001-2010","2001-2010",2001,2010,10,"제주도","서귀포시",1,156319.9,10,1563199,0.06397138176265466,FALSE,"","0.05-0.10","shared fixed breaks across both periods; zero separated"
"제주도제주시","A. 2001-2010","2001-2010",2001,2010,10,"제주도","제주시",2,401203.9,10,4012039,0.04984996407063839,FALSE,"",">0-0.05","shared fixed breaks across both periods; zero separated"
"충청남도계룡시","A. 2001-2010","2001-2010",2001,2010,10,"충청남도","계룡시",0,35708.7,10,357087,0,TRUE,"","0","shared fixed breaks across both periods; zero separated"
"충청남도공주시","A. 2001-2010","2001-2010",2001,2010,10,"충청남도","공주시",0,128647.5,10,1286475,0,TRUE,"","0","shared fixed breaks across both periods; zero separated"
"충청남도금산군","A. 2001-2010","2001-2010",2001,2010,10,"충청남도","금산군",0,58825.8,10,588258,0,TRUE,"","0","shared fixed breaks across both periods; zero separated"
"충청남도논산시","A. 2001-2010","2001-2010",2001,2010,10,"충청남도","논산시",1,132656.7,10,1326567,0.0753825475833486,FALSE,"","0.05-0.10","shared fixed breaks across both periods; zero separated"
"충청남도당진시","A. 2001-2010","2001-2010",2001,2010,10,"충청남도","당진시",1,127462.2,10,1274622,0.07845463203993028,FALSE,"","0.05-0.10","shared fixed breaks across both periods; zero separated"
"충청남도보령시","A. 2001-2010","2001-2010",2001,2010,10,"충청남도","보령시",0,109318.1,10,1093181,0,TRUE,"","0","shared fixed breaks across both periods; zero separated"
"충청남도부여군","A. 2001-2010","2001-2010",2001,2010,10,"충청남도","부여군",0,81314.3,10,813143,0,TRUE,"","0","shared fixed breaks across both periods; zero separated"
"충청남도서산시","A. 2001-2010","2001-2010",2001,2010,10,"충청남도","서산시",0,153118.8,10,1531188,0,TRUE,"","0","shared fixed breaks across both periods; zero separated"
"충청남도서천군","A. 2001-2010","2001-2010",2001,2010,10,"충청남도","서천군",0,64474.4,10,644744,0,TRUE,"","0","shared fixed breaks across both periods; zero separated"
"충청남도아산시","A. 2001-2010","2001-2010",2001,2010,10,"충청남도","아산시",0,217171.5,10,2171715,0,TRUE,"","0","shared fixed breaks across both periods; zero separated"
"충청남도예산군","A. 2001-2010","2001-2010",2001,2010,10,"충청남도","예산군",1,91624,10,916240,0.10914170959573911,FALSE,"","0.10-0.25","shared fixed breaks across both periods; zero separated"
"충청남도천안시","A. 2001-2010","2001-2010",2001,2010,10,"충청남도","천안시",0,503732.4,10,5037324,0,TRUE,"","0","shared fixed breaks across both periods; zero separated"
"충청남도청양군","A. 2001-2010","2001-2010",2001,2010,10,"충청남도","청양군",0,35206.2,10,352062,0,TRUE,"","0","shared fixed breaks across both periods; zero separated"
"충청남도태안군","A. 2001-2010","2001-2010",2001,2010,10,"충청남도","태안군",0,64196.7,10,641967,0,TRUE,"","0","shared fixed breaks across both periods; zero separated"
"충청남도홍성군","A. 2001-2010","2001-2010",2001,2010,10,"충청남도","홍성군",0,90387.2,10,903872,0,TRUE,"","0","shared fixed breaks across both periods; zero separated"
"충청북도괴산군","A. 2001-2010","2001-2010",2001,2010,10,"충청북도","괴산군",1,38815.6,10,388156,0.2576283762198704,FALSE,"","0.25-0.75","shared fixed breaks across both periods; zero separated"
"충청북도단양군","A. 2001-2010","2001-2010",2001,2010,10,"충청북도","단양군",1,34194,10,341940,0.29244896765514417,FALSE,"","0.25-0.75","shared fixed breaks across both periods; zero separated"
"충청북도보은군","A. 2001-2010","2001-2010",2001,2010,10,"충청북도","보은군",2,37316.8,10,373168,0.5359516357243923,FALSE,"","0.25-0.75","shared fixed breaks across both periods; zero separated"
"충청북도영동군","A. 2001-2010","2001-2010",2001,2010,10,"충청북도","영동군",0,52354.4,10,523544,0,TRUE,"","0","shared fixed breaks across both periods; zero separated"
"충청북도옥천군","A. 2001-2010","2001-2010",2001,2010,10,"충청북도","옥천군",0,55987.3,10,559873,0,TRUE,"","0","shared fixed breaks across both periods; zero separated"
"충청북도음성군","A. 2001-2010","2001-2010",2001,2010,10,"충청북도","음성군",1,87672.4,10,876724,0.11406098156318295,FALSE,"","0.10-0.25","shared fixed breaks across both periods; zero separated"
"충청북도제천시","A. 2001-2010","2001-2010",2001,2010,10,"충청북도","제천시",0,138714.6,10,1387146,0,TRUE,"","0","shared fixed breaks across both periods; zero separated"
"충청북도증평군","A. 2001-2010","2001-2010",2001,2010,10,"충청북도","증평군",0,31545,10,315450,0,TRUE,"","0","shared fixed breaks across both periods; zero separated"
"충청북도진천군","A. 2001-2010","2001-2010",2001,2010,10,"충청북도","진천군",0,60476.4,10,604764,0,TRUE,"","0","shared fixed breaks across both periods; zero separated"
"충청북도청주시","A. 2001-2010","2001-2010",2001,2010,10,"충청북도","청주시",0,760266.3,10,7602663,0,TRUE,"","0","shared fixed breaks across both periods; zero separated"
"충청북도충주시","A. 2001-2010","2001-2010",2001,2010,10,"충청북도","충주시",1,208094.8,10,2080948,0.04805502107693225,FALSE,"",">0-0.05","shared fixed breaks across both periods; zero separated"
"강원도강릉시","B. 2011-2024","2011-2024",2011,2024,14,"강원도","강릉시",3,213679.92857142858,14,2991519,0.10028350145862353,FALSE,"","0.10-0.25","shared fixed breaks across both periods; zero separated"
"강원도고성군","B. 2011-2024","2011-2024",2011,2024,14,"강원도","고성군",0,28717.071428571428,14,402039,0,TRUE,"","0","shared fixed breaks across both periods; zero separated"
"강원도동해시","B. 2011-2024","2011-2024",2011,2024,14,"강원도","동해시",2,91974.5,14,1287643,0.15532255446579524,FALSE,"","0.10-0.25","shared fixed breaks across both periods; zero separated"
"강원도삼척시","B. 2011-2024","2011-2024",2011,2024,14,"강원도","삼척시",0,67937.92857142857,14,951130.9999999999,0,TRUE,"","0","shared fixed breaks across both periods; zero separated"
"강원도속초시","B. 2011-2024","2011-2024",2011,2024,14,"강원도","속초시",0,82402.85714285714,14,1153640,0,TRUE,"","0","shared fixed breaks across both periods; zero separated"
"강원도양구군","B. 2011-2024","2011-2024",2011,2024,14,"강원도","양구군",1,22697,14,317758,0.3147049012141315,FALSE,"","0.25-0.75","shared fixed breaks across both periods; zero separated"
"강원도양양군","B. 2011-2024","2011-2024",2011,2024,14,"강원도","양양군",0,27630.35714285714,14,386825,0,TRUE,"","0","shared fixed breaks across both periods; zero separated"
"강원도영월군","B. 2011-2024","2011-2024",2011,2024,14,"강원도","영월군",0,39161.07142857143,14,548255,0,TRUE,"","0","shared fixed breaks across both periods; zero separated"
"강원도원주시","B. 2011-2024","2011-2024",2011,2024,14,"강원도","원주시",1,342768.0714285714,14,4798753,0.020838747066164898,FALSE,"",">0-0.05","shared fixed breaks across both periods; zero separated"
"강원도인제군","B. 2011-2024","2011-2024",2011,2024,14,"강원도","인제군",0,32243.071428571428,14,451403,0,TRUE,"","0","shared fixed breaks across both periods; zero separated"
"강원도정선군","B. 2011-2024","2011-2024",2011,2024,14,"강원도","정선군",2,37554.142857142855,14,525758,0.38040315125970503,FALSE,"","0.25-0.75","shared fixed breaks across both periods; zero separated"
"강원도철원군","B. 2011-2024","2011-2024",2011,2024,14,"강원도","철원군",0,45667.78571428572,14,639349,0,TRUE,"","0","shared fixed breaks across both periods; zero separated"
"강원도춘천시","B. 2011-2024","2011-2024",2011,2024,14,"강원도","춘천시",3,280291.5714285714,14,3924082,0.07645100178844377,FALSE,"","0.05-0.10","shared fixed breaks across both periods; zero separated"
"강원도태백시","B. 2011-2024","2011-2024",2011,2024,14,"강원도","태백시",1,44680.92857142857,14,625533,0.1598636682637047,FALSE,"","0.10-0.25","shared fixed breaks across both periods; zero separated"
"강원도평창군","B. 2011-2024","2011-2024",2011,2024,14,"강원도","평창군",1,42419.857142857145,14,593878,0.16838475242389853,FALSE,"","0.10-0.25","shared fixed breaks across both periods; zero separated"
"강원도홍천군","B. 2011-2024","2011-2024",2011,2024,14,"강원도","홍천군",1,69298.28571428571,14,970176,0.10307408140378653,FALSE,"","0.10-0.25","shared fixed breaks across both periods; zero separated"
"강원도화천군","B. 2011-2024","2011-2024",2011,2024,14,"강원도","화천군",1,24990.214285714286,14,349863,0.2858261662422148,FALSE,"","0.25-0.75","shared fixed breaks across both periods; zero separated"
"강원도횡성군","B. 2011-2024","2011-2024",2011,2024,14,"강원도","횡성군",2,45899.28571428572,14,642590,0.3112404488087272,FALSE,"","0.25-0.75","shared fixed breaks across both periods; zero separated"
"경기도가평군","B. 2011-2024","2011-2024",2011,2024,14,"경기도","가평군",0,61911.71428571428,14,866764,0,TRUE,"","0","shared fixed breaks across both periods; zero separated"
"경기도고양시","B. 2011-2024","2011-2024",2011,2024,14,"경기도","고양시",12,1037697.4285714285,14,14527764,0.08260046074537004,FALSE,"","0.05-0.10","shared fixed breaks across both periods; zero separated"
"경기도과천시","B. 2011-2024","2011-2024",2011,2024,14,"경기도","과천시",0,69404.57142857143,14,971664.0000000001,0,TRUE,"","0","shared fixed breaks across both periods; zero separated"
"경기도광명시","B. 2011-2024","2011-2024",2011,2024,14,"경기도","광명시",1,322206.5714285714,14,4510892,0.022168564443573464,FALSE,"",">0-0.05","shared fixed breaks across both periods; zero separated"
"경기도광주시","B. 2011-2024","2011-2024",2011,2024,14,"경기도","광주시",4,342779.0714285714,14,4798907,0.08335231334968567,FALSE,"","0.05-0.10","shared fixed breaks across both periods; zero separated"
"경기도구리시","B. 2011-2024","2011-2024",2011,2024,14,"경기도","구리시",0,192796,14,2699144,0,TRUE,"","0","shared fixed breaks across both periods; zero separated"
"경기도군포시","B. 2011-2024","2011-2024",2011,2024,14,"경기도","군포시",2,277212,14,3880968,0.05153353493252199,FALSE,"","0.05-0.10","shared fixed breaks across both periods; zero separated"
"경기도김포시","B. 2011-2024","2011-2024",2011,2024,14,"경기도","김포시",2,398623.35714285716,14,5580727,0.03583762473957246,FALSE,"",">0-0.05","shared fixed breaks across both periods; zero separated"
"경기도남양주시","B. 2011-2024","2011-2024",2011,2024,14,"경기도","남양주시",4,674742.2142857143,14,9446391,0.04234421378492591,FALSE,"",">0-0.05","shared fixed breaks across both periods; zero separated"
"경기도동두천시","B. 2011-2024","2011-2024",2011,2024,14,"경기도","동두천시",0,94846.5,14,1327851,0,TRUE,"","0","shared fixed breaks across both periods; zero separated"
"경기도부천시","B. 2011-2024","2011-2024",2011,2024,14,"경기도","부천시",13,832187.5714285715,14,11650626,0.11158198709665902,FALSE,"","0.10-0.25","shared fixed breaks across both periods; zero separated"
"경기도성남시","B. 2011-2024","2011-2024",2011,2024,14,"경기도","성남시",4,953496.5,14,13348951,0.029964901361912256,FALSE,"",">0-0.05","shared fixed breaks across both periods; zero separated"
"경기도수원시","B. 2011-2024","2011-2024",2011,2024,14,"경기도","수원시",7,1175648.142857143,14,16459074.000000002,0.04252973162402696,FALSE,"",">0-0.05","shared fixed breaks across both periods; zero separated"
"경기도시흥시","B. 2011-2024","2011-2024",2011,2024,14,"경기도","시흥시",5,449921.35714285716,14,6298899,0.07937895178189078,FALSE,"","0.05-0.10","shared fixed breaks across both periods; zero separated"
"경기도안산시","B. 2011-2024","2011-2024",2011,2024,14,"경기도","안산시",4,673438.5,14,9428139,0.042426188243512325,FALSE,"",">0-0.05","shared fixed breaks across both periods; zero separated"
"경기도안성시","B. 2011-2024","2011-2024",2011,2024,14,"경기도","안성시",1,184832.57142857142,14,2587656,0.03864501309293044,FALSE,"",">0-0.05","shared fixed breaks across both periods; zero separated"
"경기도안양시","B. 2011-2024","2011-2024",2011,2024,14,"경기도","안양시",3,579226.2142857143,14,8109167,0.036995168554304035,FALSE,"",">0-0.05","shared fixed breaks across both periods; zero separated"
"경기도양주시","B. 2011-2024","2011-2024",2011,2024,14,"경기도","양주시",1,223655.92857142858,14,3131183,0.031936811103024,FALSE,"",">0-0.05","shared fixed breaks across both periods; zero separated"
"경기도양평군","B. 2011-2024","2011-2024",2011,2024,14,"경기도","양평군",2,113770.28571428571,14,1592784,0.12556630403118063,FALSE,"","0.10-0.25","shared fixed breaks across both periods; zero separated"
"경기도여주시","B. 2011-2024","2011-2024",2011,2024,14,"경기도","여주시",2,111557.57142857143,14,1561806,0.12805687774281826,FALSE,"","0.10-0.25","shared fixed breaks across both periods; zero separated"
"경기도연천군","B. 2011-2024","2011-2024",2011,2024,14,"경기도","연천군",0,44124.357142857145,14,617741,0,TRUE,"","0","shared fixed breaks across both periods; zero separated"
"경기도오산시","B. 2011-2024","2011-2024",2011,2024,14,"경기도","오산시",0,217489.7142857143,14,3044856,0,TRUE,"","0","shared fixed breaks across both periods; zero separated"
"경기도용인시","B. 2011-2024","2011-2024",2011,2024,14,"경기도","용인시",5,1012019.9285714285,14,14168279,0.03529010121836251,FALSE,"",">0-0.05","shared fixed breaks across both periods; zero separated"
"경기도의왕시","B. 2011-2024","2011-2024",2011,2024,14,"경기도","의왕시",0,157764.5,14,2208703,0,TRUE,"","0","shared fixed breaks across both periods; zero separated"
"경기도의정부시","B. 2011-2024","2011-2024",2011,2024,14,"경기도","의정부시",1,446363.28571428574,14,6249086,0.01600234018222825,FALSE,"",">0-0.05","shared fixed breaks across both periods; zero separated"
"경기도이천시","B. 2011-2024","2011-2024",2011,2024,14,"경기도","이천시",0,213377.07142857142,14,2987279,0,TRUE,"","0","shared fixed breaks across both periods; zero separated"
"경기도파주시","B. 2011-2024","2011-2024",2011,2024,14,"경기도","파주시",4,445509.5,14,6237133,0.06413202989258045,FALSE,"","0.05-0.10","shared fixed breaks across both periods; zero separated"
"경기도평택시","B. 2011-2024","2011-2024",2011,2024,14,"경기도","평택시",4,503146.0714285714,14,7044045,0.056785554322835816,FALSE,"","0.05-0.10","shared fixed breaks across both periods; zero separated"
"경기도포천시","B. 2011-2024","2011-2024",2011,2024,14,"경기도","포천시",3,151254.42857142858,14,2117562,0.1416723571730131,FALSE,"","0.10-0.25","shared fixed breaks across both periods; zero separated"
"경기도하남시","B. 2011-2024","2011-2024",2011,2024,14,"경기도","하남시",0,237457.71428571426,14,3324407.9999999995,0,TRUE,"","0","shared fixed breaks across both periods; zero separated"
"경기도화성시","B. 2011-2024","2011-2024",2011,2024,14,"경기도","화성시",4,727301.9285714286,14,10182227,0.0392841369574652,FALSE,"",">0-0.05","shared fixed breaks across both periods; zero separated"
"경상남도거창군","B. 2011-2024","2011-2024",2011,2024,14,"경상남도","거창군",0,62078.357142857145,14,869097,0,TRUE,"","0","shared fixed breaks across both periods; zero separated"
"경상남도고성군","B. 2011-2024","2011-2024",2011,2024,14,"경상남도","고성군",0,53270.07142857143,14,745781,0,TRUE,"","0","shared fixed breaks across both periods; zero separated"
"경상남도김해시","B. 2011-2024","2011-2024",2011,2024,14,"경상남도","김해시",8,529759.4285714285,14,7416631.999999999,0.10786567272044778,FALSE,"","0.10-0.25","shared fixed breaks across both periods; zero separated"
"경상남도밀양시","B. 2011-2024","2011-2024",2011,2024,14,"경상남도","밀양시",4,106050.78571428571,14,1484711,0.2694127005188215,FALSE,"","0.25-0.75","shared fixed breaks across both periods; zero separated"
"경상남도사천시","B. 2011-2024","2011-2024",2011,2024,14,"경상남도","사천시",0,112941.42857142857,14,1581180,0,TRUE,"","0","shared fixed breaks across both periods; zero separated"
"경상남도산청군","B. 2011-2024","2011-2024",2011,2024,14,"경상남도","산청군",0,35232.857142857145,14,493260,0,TRUE,"","0","shared fixed breaks across both periods; zero separated"
"경상남도양산시","B. 2011-2024","2011-2024",2011,2024,14,"경상남도","양산시",2,324318.9285714286,14,4540465,0.044048351875854125,FALSE,"",">0-0.05","shared fixed breaks across both periods; zero separated"
"경상남도의령군","B. 2011-2024","2011-2024",2011,2024,14,"경상남도","의령군",1,27724.785714285714,14,388147,0.2576343498725998,FALSE,"","0.25-0.75","shared fixed breaks across both periods; zero separated"
"경상남도진주시","B. 2011-2024","2011-2024",2011,2024,14,"경상남도","진주시",4,342866.35714285716,14,4800129,0.08333109381018718,FALSE,"","0.05-0.10","shared fixed breaks across both periods; zero separated"
"경상남도창녕군","B. 2011-2024","2011-2024",2011,2024,14,"경상남도","창녕군",0,61643,14,863002,0,TRUE,"","0","shared fixed breaks across both periods; zero separated"
"경상남도창원시","B. 2011-2024","2011-2024",2011,2024,14,"경상남도","창원시",9,1053136.142857143,14,14743906.000000002,0.06104216887980701,FALSE,"","0.05-0.10","shared fixed breaks across both periods; zero separated"
"경상남도통영시","B. 2011-2024","2011-2024",2011,2024,14,"경상남도","통영시",2,132312.42857142858,14,1852374,0.10796955690373543,FALSE,"","0.10-0.25","shared fixed breaks across both periods; zero separated"
"경상남도하동군","B. 2011-2024","2011-2024",2011,2024,14,"경상남도","하동군",0,47147.857142857145,14,660070,0,TRUE,"","0","shared fixed breaks across both periods; zero separated"
"경상남도함안군","B. 2011-2024","2011-2024",2011,2024,14,"경상남도","함안군",2,65504.21428571428,14,917059,0.2180884763139558,FALSE,"","0.10-0.25","shared fixed breaks across both periods; zero separated"
"경상남도함양군","B. 2011-2024","2011-2024",2011,2024,14,"경상남도","함양군",0,39405.78571428572,14,551681,0,TRUE,"","0","shared fixed breaks across both periods; zero separated"
"경상남도합천군","B. 2011-2024","2011-2024",2011,2024,14,"경상남도","합천군",0,46245.42857142857,14,647436,0,TRUE,"","0","shared fixed breaks across both periods; zero separated"
"경상북도경산시","B. 2011-2024","2011-2024",2011,2024,14,"경상북도","경산시",2,258852,14,3623928,0.05518873443401746,FALSE,"","0.05-0.10","shared fixed breaks across both periods; zero separated"
"경상북도경주시","B. 2011-2024","2011-2024",2011,2024,14,"경상북도","경주시",0,256503.35714285713,14,3591047,0,TRUE,"","0","shared fixed breaks across both periods; zero separated"
"경상북도고령군","B. 2011-2024","2011-2024",2011,2024,14,"경상북도","고령군",0,32966.5,14,461531,0,TRUE,"","0","shared fixed breaks across both periods; zero separated"
"경상북도구미시","B. 2011-2024","2011-2024",2011,2024,14,"경상북도","구미시",1,415737.78571428574,14,5820329,0.017181159346834174,FALSE,"",">0-0.05","shared fixed breaks across both periods; zero separated"
"경상북도김천시","B. 2011-2024","2011-2024",2011,2024,14,"경상북도","김천시",1,138793.2142857143,14,1943105,0.05146402278826929,FALSE,"","0.05-0.10","shared fixed breaks across both periods; zero separated"
"경상북도문경시","B. 2011-2024","2011-2024",2011,2024,14,"경상북도","문경시",1,72931.57142857143,14,1021042.0000000001,0.09793916410882215,FALSE,"","0.05-0.10","shared fixed breaks across both periods; zero separated"
"경상북도봉화군","B. 2011-2024","2011-2024",2011,2024,14,"경상북도","봉화군",1,32319.714285714286,14,452476,0.22100619701376426,FALSE,"","0.10-0.25","shared fixed breaks across both periods; zero separated"
"경상북도상주시","B. 2011-2024","2011-2024",2011,2024,14,"경상북도","상주시",0,99609.64285714286,14,1394535,0,TRUE,"","0","shared fixed breaks across both periods; zero separated"
"경상북도성주군","B. 2011-2024","2011-2024",2011,2024,14,"경상북도","성주군",1,44088.142857142855,14,617234,0.16201311010086936,FALSE,"","0.10-0.25","shared fixed breaks across both periods; zero separated"
"경상북도안동시","B. 2011-2024","2011-2024",2011,2024,14,"경상북도","안동시",1,162623.07142857142,14,2276723,0.04392277848469049,FALSE,"",">0-0.05","shared fixed breaks across both periods; zero separated"
"경상북도영덕군","B. 2011-2024","2011-2024",2011,2024,14,"경상북도","영덕군",0,37611.57142857143,14,526562,0,TRUE,"","0","shared fixed breaks across both periods; zero separated"
"경상북도영양군","B. 2011-2024","2011-2024",2011,2024,14,"경상북도","영양군",0,17171.785714285714,14,240405,0,TRUE,"","0","shared fixed breaks across both periods; zero separated"
"경상북도영주시","B. 2011-2024","2011-2024",2011,2024,14,"경상북도","영주시",0,106800,14,1495200,0,TRUE,"","0","shared fixed breaks across both periods; zero separated"
"경상북도영천시","B. 2011-2024","2011-2024",2011,2024,14,"경상북도","영천시",2,101188.71428571429,14,1416642,0.14117892876252433,FALSE,"","0.10-0.25","shared fixed breaks across both periods; zero separated"
"경상북도예천군","B. 2011-2024","2011-2024",2011,2024,14,"경상북도","예천군",0,50627.92857142857,14,708791,0,TRUE,"","0","shared fixed breaks across both periods; zero separated"
"경상북도울진군","B. 2011-2024","2011-2024",2011,2024,14,"경상북도","울진군",1,49877.857142857145,14,698290,0.14320697704392157,FALSE,"","0.10-0.25","shared fixed breaks across both periods; zero separated"
"경상북도의성군","B. 2011-2024","2011-2024",2011,2024,14,"경상북도","의성군",0,53206.07142857143,14,744885,0,TRUE,"","0","shared fixed breaks across both periods; zero separated"
"경상북도청도군","B. 2011-2024","2011-2024",2011,2024,14,"경상북도","청도군",1,42879.57142857143,14,600314,0.166579490066865,FALSE,"","0.10-0.25","shared fixed breaks across both periods; zero separated"
"경상북도청송군","B. 2011-2024","2011-2024",2011,2024,14,"경상북도","청송군",1,25526.5,14,357371,0.27982125018538156,FALSE,"","0.25-0.75","shared fixed breaks across both periods; zero separated"
"경상북도칠곡군","B. 2011-2024","2011-2024",2011,2024,14,"경상북도","칠곡군",2,117404.42857142857,14,1643662,0.1216795180517649,FALSE,"","0.10-0.25","shared fixed breaks across both periods; zero separated"
"경상북도포항시","B. 2011-2024","2011-2024",2011,2024,14,"경상북도","포항시",3,509292.64285714284,14,7130097,0.04207516391431982,FALSE,"",">0-0.05","shared fixed breaks across both periods; zero separated"
"광주시광산구","B. 2011-2024","2011-2024",2011,2024,14,"광주시","광산구",4,397669.0714285714,14,5567367,0.07184724843898381,FALSE,"","0.05-0.10","shared fixed breaks across both periods; zero separated"
"광주시남구","B. 2011-2024","2011-2024",2011,2024,14,"광주시","남구",6,216223.5,14,3027129,0.19820760859547115,FALSE,"","0.10-0.25","shared fixed breaks across both periods; zero separated"
"광주시동구","B. 2011-2024","2011-2024",2011,2024,14,"광주시","동구",1,101758.21428571429,14,1424615,0.0701944034002169,FALSE,"","0.05-0.10","shared fixed breaks across both periods; zero separated"
"광주시북구","B. 2011-2024","2011-2024",2011,2024,14,"광주시","북구",6,436335.5714285714,14,6108698,0.09822060281912773,FALSE,"","0.05-0.10","shared fixed breaks across both periods; zero separated"
"광주시서구","B. 2011-2024","2011-2024",2011,2024,14,"광주시","서구",7,301788.14285714284,14,4225034,0.16567914009686077,FALSE,"","0.10-0.25","shared fixed breaks across both periods; zero separated"
"대구시군위군","B. 2011-2024","2011-2024",2011,2024,14,"대구시","군위군",0,23713.928571428572,14,331995,0,TRUE,"final.shp label used; raw source not modified","0","shared fixed breaks across both periods; zero separated"
"대구시남구","B. 2011-2024","2011-2024",2011,2024,14,"대구시","남구",1,153063.14285714287,14,2142884,0.046666081785108296,FALSE,"",">0-0.05","shared fixed breaks across both periods; zero separated"
"대구시달서구","B. 2011-2024","2011-2024",2011,2024,14,"대구시","달서구",5,573938.4285714285,14,8035137.999999999,0.062226684843496166,FALSE,"","0.05-0.10","shared fixed breaks across both periods; zero separated"
"대구시달성군","B. 2011-2024","2011-2024",2011,2024,14,"대구시","달성군",3,228576.14285714287,14,3200066,0.09374806644612955,FALSE,"","0.05-0.10","shared fixed breaks across both periods; zero separated"
"대구시동구","B. 2011-2024","2011-2024",2011,2024,14,"대구시","동구",5,345023.71428571426,14,4830332,0.10351255358844898,FALSE,"","0.10-0.25","shared fixed breaks across both periods; zero separated"
"대구시북구","B. 2011-2024","2011-2024",2011,2024,14,"대구시","북구",2,437849.0714285714,14,6129887,0.032627028850613395,FALSE,"",">0-0.05","shared fixed breaks across both periods; zero separated"
"대구시서구","B. 2011-2024","2011-2024",2011,2024,14,"대구시","서구",1,189175.2142857143,14,2648453,0.037757891116059074,FALSE,"",">0-0.05","shared fixed breaks across both periods; zero separated"
"대구시수성구","B. 2011-2024","2011-2024",2011,2024,14,"대구시","수성구",2,436225.28571428574,14,6107154,0.03274847826008645,FALSE,"",">0-0.05","shared fixed breaks across both periods; zero separated"
"대구시중구","B. 2011-2024","2011-2024",2011,2024,14,"대구시","중구",3,80132.64285714286,14,1121857,0.2674137612904319,FALSE,"","0.25-0.75","shared fixed breaks across both periods; zero separated"
"대전시대덕구","B. 2011-2024","2011-2024",2011,2024,14,"대전시","대덕구",2,186760.14285714287,14,2614642,0.07649230755109113,FALSE,"","0.05-0.10","shared fixed breaks across both periods; zero separated"
"대전시동구","B. 2011-2024","2011-2024",2011,2024,14,"대전시","동구",0,232957.64285714287,14,3261407,0,TRUE,"","0","shared fixed breaks across both periods; zero separated"
"대전시서구","B. 2011-2024","2011-2024",2011,2024,14,"대전시","서구",4,483578.0714285714,14,6770093,0.059083383344955526,FALSE,"","0.05-0.10","shared fixed breaks across both periods; zero separated"
"대전시유성구","B. 2011-2024","2011-2024",2011,2024,14,"대전시","유성구",0,340210.64285714284,14,4762949,0,TRUE,"","0","shared fixed breaks across both periods; zero separated"
"대전시중구","B. 2011-2024","2011-2024",2011,2024,14,"대전시","중구",4,245676.5,14,3439471,0.11629695380481474,FALSE,"","0.10-0.25","shared fixed breaks across both periods; zero separated"
"부산시강서구","B. 2011-2024","2011-2024",2011,2024,14,"부산시","강서구",2,111622.85714285713,14,1562719.9999999998,0.1279819801371967,FALSE,"","0.10-0.25","shared fixed breaks across both periods; zero separated"
"부산시금정구","B. 2011-2024","2011-2024",2011,2024,14,"부산시","금정구",3,238458.85714285713,14,3338424,0.08986276159049898,FALSE,"","0.05-0.10","shared fixed breaks across both periods; zero separated"
"부산시기장군","B. 2011-2024","2011-2024",2011,2024,14,"부산시","기장군",4,156243.2857142857,14,2187406,0.18286500082746412,FALSE,"","0.10-0.25","shared fixed breaks across both periods; zero separated"
"부산시남구","B. 2011-2024","2011-2024",2011,2024,14,"부산시","남구",4,275000.14285714284,14,3850002,0.1038960499241299,FALSE,"","0.10-0.25","shared fixed breaks across both periods; zero separated"
"부산시동구","B. 2011-2024","2011-2024",2011,2024,14,"부산시","동구",1,90865,14,1272110,0.0786095542052181,FALSE,"","0.05-0.10","shared fixed breaks across both periods; zero separated"
"부산시동래구","B. 2011-2024","2011-2024",2011,2024,14,"부산시","동래구",5,273233,14,3825262,0.1307100010404516,FALSE,"","0.10-0.25","shared fixed breaks across both periods; zero separated"
"부산시부산진구","B. 2011-2024","2011-2024",2011,2024,14,"부산시","부산진구",6,371621.9285714286,14,5202707,0.11532458006956764,FALSE,"","0.10-0.25","shared fixed breaks across both periods; zero separated"
"부산시북구","B. 2011-2024","2011-2024",2011,2024,14,"부산시","북구",7,295472.85714285716,14,4136620,0.16922028129245614,FALSE,"","0.10-0.25","shared fixed breaks across both periods; zero separated"
"부산시사상구","B. 2011-2024","2011-2024",2011,2024,14,"부산시","사상구",4,225858,14,3162012,0.12650173370626044,FALSE,"","0.10-0.25","shared fixed breaks across both periods; zero separated"
"부산시사하구","B. 2011-2024","2011-2024",2011,2024,14,"부산시","사하구",2,326085.64285714284,14,4565199,0.043809700300030736,FALSE,"",">0-0.05","shared fixed breaks across both periods; zero separated"
"부산시서구","B. 2011-2024","2011-2024",2011,2024,14,"부산시","서구",2,111782.14285714286,14,1564950,0.12779961021118885,FALSE,"","0.10-0.25","shared fixed breaks across both periods; zero separated"
"부산시수영구","B. 2011-2024","2011-2024",2011,2024,14,"부산시","수영구",2,176548.2142857143,14,2471675,0.08091678719896427,FALSE,"","0.05-0.10","shared fixed breaks across both periods; zero separated"
"부산시연제구","B. 2011-2024","2011-2024",2011,2024,14,"부산시","연제구",7,208737.07142857142,14,2922319,0.2395357933203049,FALSE,"","0.10-0.25","shared fixed breaks across both periods; zero separated"
"부산시영도구","B. 2011-2024","2011-2024",2011,2024,14,"부산시","영도구",0,122099.78571428571,14,1709397,0,TRUE,"","0","shared fixed breaks across both periods; zero separated"
"부산시중구","B. 2011-2024","2011-2024",2011,2024,14,"부산시","중구",2,43482.5,14,608755,0.3285393959803205,FALSE,"","0.25-0.75","shared fixed breaks across both periods; zero separated"
"부산시해운대구","B. 2011-2024","2011-2024",2011,2024,14,"부산시","해운대구",9,408234,14,5715276,0.15747270997936058,FALSE,"","0.10-0.25","shared fixed breaks across both periods; zero separated"
"서울시강남구","B. 2011-2024","2011-2024",2011,2024,14,"서울시","강남구",1,554465.7142857143,14,7762520,0.01288241447365031,FALSE,"",">0-0.05","shared fixed breaks across both periods; zero separated"
"서울시강동구","B. 2011-2024","2011-2024",2011,2024,14,"서울시","강동구",8,461751.28571428574,14,6464518,0.12375245919340003,FALSE,"","0.10-0.25","shared fixed breaks across both periods; zero separated"
"서울시강북구","B. 2011-2024","2011-2024",2011,2024,14,"서울시","강북구",4,317872.5,14,4450215,0.08988329777325364,FALSE,"","0.05-0.10","shared fixed breaks across both periods; zero separated"
"서울시강서구","B. 2011-2024","2011-2024",2011,2024,14,"서울시","강서구",2,579187.3571428572,14,8108623,0.024665100350577406,FALSE,"",">0-0.05","shared fixed breaks across both periods; zero separated"
"서울시관악구","B. 2011-2024","2011-2024",2011,2024,14,"서울시","관악구",4,502127.21428571426,14,7029781,0.05690077685208116,FALSE,"","0.05-0.10","shared fixed breaks across both periods; zero separated"
"서울시광진구","B. 2011-2024","2011-2024",2011,2024,14,"서울시","광진구",1,353524.0714285714,14,4949337,0.02020472641083038,FALSE,"",">0-0.05","shared fixed breaks across both periods; zero separated"
"서울시구로구","B. 2011-2024","2011-2024",2011,2024,14,"서울시","구로구",4,410312.85714285716,14,5744380,0.06963327635010219,FALSE,"","0.05-0.10","shared fixed breaks across both periods; zero separated"
"서울시금천구","B. 2011-2024","2011-2024",2011,2024,14,"서울시","금천구",1,234613.2857142857,14,3284586,0.030445237238422133,FALSE,"",">0-0.05","shared fixed breaks across both periods; zero separated"
"서울시노원구","B. 2011-2024","2011-2024",2011,2024,14,"서울시","노원구",2,548182.9285714285,14,7674560.999999999,0.026060122526878084,FALSE,"",">0-0.05","shared fixed breaks across both periods; zero separated"
"서울시도봉구","B. 2011-2024","2011-2024",2011,2024,14,"서울시","도봉구",1,337216.4285714286,14,4721030,0.021181818374380167,FALSE,"",">0-0.05","shared fixed breaks across both periods; zero separated"
"서울시동대문구","B. 2011-2024","2011-2024",2011,2024,14,"서울시","동대문구",3,350970.28571428574,14,4913584,0.06105522974675919,FALSE,"","0.05-0.10","shared fixed breaks across both periods; zero separated"
"서울시동작구","B. 2011-2024","2011-2024",2011,2024,14,"서울시","동작구",1,394790.85714285716,14,5527072,0.018092762316105165,FALSE,"",">0-0.05","shared fixed breaks across both periods; zero separated"
"서울시마포구","B. 2011-2024","2011-2024",2011,2024,14,"서울시","마포구",1,375967.21428571426,14,5263541,0.01899861709066197,FALSE,"",">0-0.05","shared fixed breaks across both periods; zero separated"
"서울시서대문구","B. 2011-2024","2011-2024",2011,2024,14,"서울시","서대문구",4,310407.78571428574,14,4345709,0.0920448193839026,FALSE,"","0.05-0.10","shared fixed breaks across both periods; zero separated"
"서울시서초구","B. 2011-2024","2011-2024",2011,2024,14,"서울시","서초구",3,429832.4285714286,14,6017654,0.04985331492970516,FALSE,"",">0-0.05","shared fixed breaks across both periods; zero separated"
"서울시성동구","B. 2011-2024","2011-2024",2011,2024,14,"서울시","성동구",4,294106.71428571426,14,4117493.9999999995,0.0971464682158614,FALSE,"","0.05-0.10","shared fixed breaks across both periods; zero separated"
"서울시성북구","B. 2011-2024","2011-2024",2011,2024,14,"서울시","성북구",0,449126.14285714284,14,6287766,0,TRUE,"","0","shared fixed breaks across both periods; zero separated"
"서울시송파구","B. 2011-2024","2011-2024",2011,2024,14,"서울시","송파구",7,664505.5,14,9303077,0.07524392198409194,FALSE,"","0.05-0.10","shared fixed breaks across both periods; zero separated"
"서울시양천구","B. 2011-2024","2011-2024",2011,2024,14,"서울시","양천구",3,467148.78571428574,14,6540083,0.04587097747842038,FALSE,"",">0-0.05","shared fixed breaks across both periods; zero separated"
"서울시영등포구","B. 2011-2024","2011-2024",2011,2024,14,"서울시","영등포구",3,377954,14,5291356,0.05669624194629883,FALSE,"","0.05-0.10","shared fixed breaks across both periods; zero separated"
"서울시용산구","B. 2011-2024","2011-2024",2011,2024,14,"서울시","용산구",3,228891.7857142857,14,3204485,0.0936187874182591,FALSE,"","0.05-0.10","shared fixed breaks across both periods; zero separated"
"서울시은평구","B. 2011-2024","2011-2024",2011,2024,14,"서울시","은평구",6,484601,14,6784414,0.08843799921408098,FALSE,"","0.05-0.10","shared fixed breaks across both periods; zero separated"
"서울시종로구","B. 2011-2024","2011-2024",2011,2024,14,"서울시","종로구",4,152192.7857142857,14,2130699,0.18773181946394119,FALSE,"","0.10-0.25","shared fixed breaks across both periods; zero separated"
"서울시중구","B. 2011-2024","2011-2024",2011,2024,14,"서울시","중구",5,125978.71428571429,14,1763702,0.2834946039637081,FALSE,"","0.25-0.75","shared fixed breaks across both periods; zero separated"
"서울시중랑구","B. 2011-2024","2011-2024",2011,2024,14,"서울시","중랑구",2,402914.14285714284,14,5640798,0.03545597626435125,FALSE,"",">0-0.05","shared fixed breaks across both periods; zero separated"
"세종시세종시","B. 2011-2024","2011-2024",2011,2024,14,"세종시","세종시",1,267967.5,14,3751545,0.026655684524642512,FALSE,"",">0-0.05","shared fixed breaks across both periods; zero separated"
"울산시남구","B. 2011-2024","2011-2024",2011,2024,14,"울산시","남구",3,329864.5,14,4618103,0.06496173861864926,FALSE,"","0.05-0.10","shared fixed breaks across both periods; zero separated"
"울산시동구","B. 2011-2024","2011-2024",2011,2024,14,"울산시","동구",0,165135.92857142858,14,2311903,0,TRUE,"","0","shared fixed breaks across both periods; zero separated"
"울산시북구","B. 2011-2024","2011-2024",2011,2024,14,"울산시","북구",0,202981,14,2841734,0,TRUE,"","0","shared fixed breaks across both periods; zero separated"
"울산시울주군","B. 2011-2024","2011-2024",2011,2024,14,"울산시","울주군",3,217420.07142857142,14,3043881,0.09855838648094324,FALSE,"","0.05-0.10","shared fixed breaks across both periods; zero separated"
"울산시중구","B. 2011-2024","2011-2024",2011,2024,14,"울산시","중구",0,226755.7142857143,14,3174580,0,TRUE,"","0","shared fixed breaks across both periods; zero separated"
"인천시강화군","B. 2011-2024","2011-2024",2011,2024,14,"인천시","강화군",0,68356.78571428571,14,956995,0,TRUE,"","0","shared fixed breaks across both periods; zero separated"
"인천시계양구","B. 2011-2024","2011-2024",2011,2024,14,"인천시","계양구",2,315442.21428571426,14,4416191,0.045287896288905984,FALSE,"",">0-0.05","shared fixed breaks across both periods; zero separated"
"인천시남구","B. 2011-2024","2011-2024",2011,2024,14,"인천시","남구",5,411062.71428571426,14,5754878,0.0868828148919925,FALSE,"","0.05-0.10","shared fixed breaks across both periods; zero separated"
"인천시남동구","B. 2011-2024","2011-2024",2011,2024,14,"인천시","남동구",8,515572.14285714284,14,7218010,0.11083387249394223,FALSE,"","0.10-0.25","shared fixed breaks across both periods; zero separated"
"인천시동구","B. 2011-2024","2011-2024",2011,2024,14,"인천시","동구",0,67787.14285714286,14,949020,0,TRUE,"","0","shared fixed breaks across both periods; zero separated"
"인천시부평구","B. 2011-2024","2011-2024",2011,2024,14,"인천시","부평구",6,526704.3571428572,14,7373861,0.08136849880951105,FALSE,"","0.05-0.10","shared fixed breaks across both periods; zero separated"
"인천시서구","B. 2011-2024","2011-2024",2011,2024,14,"인천시","서구",10,532436.0714285715,14,7454105.000000001,0.13415426801742128,FALSE,"","0.10-0.25","shared fixed breaks across both periods; zero separated"
"인천시연수구","B. 2011-2024","2011-2024",2011,2024,14,"인천시","연수구",4,345910.64285714284,14,4842749,0.08259771464513234,FALSE,"","0.05-0.10","shared fixed breaks across both periods; zero separated"
"인천시중구","B. 2011-2024","2011-2024",2011,2024,14,"인천시","중구",1,127119.35714285714,14,1779671,0.056190160990430255,FALSE,"","0.05-0.10","shared fixed breaks across both periods; zero separated"
"전라남도강진군","B. 2011-2024","2011-2024",2011,2024,14,"전라남도","강진군",0,36644.78571428572,14,513027.00000000006,0,TRUE,"","0","shared fixed breaks across both periods; zero separated"
"전라남도고흥군","B. 2011-2024","2011-2024",2011,2024,14,"전라남도","고흥군",0,66284.92857142857,14,927988.9999999999,0,TRUE,"","0","shared fixed breaks across both periods; zero separated"
"전라남도곡성군","B. 2011-2024","2011-2024",2011,2024,14,"전라남도","곡성군",1,29269.285714285714,14,409770,0.2440393391414696,FALSE,"","0.10-0.25","shared fixed breaks across both periods; zero separated"
"전라남도광양시","B. 2011-2024","2011-2024",2011,2024,14,"전라남도","광양시",1,153246,14,2145444,0.04661039859348461,FALSE,"",">0-0.05","shared fixed breaks across both periods; zero separated"
"전라남도구례군","B. 2011-2024","2011-2024",2011,2024,14,"전라남도","구례군",1,26332.64285714286,14,368657,0.2712548520711664,FALSE,"","0.25-0.75","shared fixed breaks across both periods; zero separated"
"전라남도나주시","B. 2011-2024","2011-2024",2011,2024,14,"전라남도","나주시",2,105623.57142857143,14,1478730,0.13525119528243829,FALSE,"","0.10-0.25","shared fixed breaks across both periods; zero separated"
"전라남도담양군","B. 2011-2024","2011-2024",2011,2024,14,"전라남도","담양군",0,46656.857142857145,14,653196,0,TRUE,"","0","shared fixed breaks across both periods; zero separated"
"전라남도목포시","B. 2011-2024","2011-2024",2011,2024,14,"전라남도","목포시",1,230449.64285714287,14,3226295,0.030995305760942504,FALSE,"",">0-0.05","shared fixed breaks across both periods; zero separated"
"전라남도무안군","B. 2011-2024","2011-2024",2011,2024,14,"전라남도","무안군",1,83833.21428571429,14,1173665,0.08520318830330631,FALSE,"","0.05-0.10","shared fixed breaks across both periods; zero separated"
"전라남도보성군","B. 2011-2024","2011-2024",2011,2024,14,"전라남도","보성군",1,42719,14,598066,0.1672056261349082,FALSE,"","0.10-0.25","shared fixed breaks across both periods; zero separated"
"전라남도순천시","B. 2011-2024","2011-2024",2011,2024,14,"전라남도","순천시",2,277951,14,3891314,0.05139652055835124,FALSE,"","0.05-0.10","shared fixed breaks across both periods; zero separated"
"전라남도신안군","B. 2011-2024","2011-2024",2011,2024,14,"전라남도","신안군",0,41209.857142857145,14,576938,0,TRUE,"","0","shared fixed breaks across both periods; zero separated"
"전라남도여수시","B. 2011-2024","2011-2024",2011,2024,14,"전라남도","여수시",3,283581.28571428574,14,3970138.0000000005,0.0755641239674792,FALSE,"","0.05-0.10","shared fixed breaks across both periods; zero separated"
"전라남도영광군","B. 2011-2024","2011-2024",2011,2024,14,"전라남도","영광군",5,54593.142857142855,14,764304,0.6541899558290941,FALSE,"","0.25-0.75","shared fixed breaks across both periods; zero separated"
"전라남도영암군","B. 2011-2024","2011-2024",2011,2024,14,"전라남도","영암군",2,55781.642857142855,14,780943,0.25610063730643595,FALSE,"","0.25-0.75","shared fixed breaks across both periods; zero separated"
"전라남도장성군","B. 2011-2024","2011-2024",2011,2024,14,"전라남도","장성군",0,45053.71428571428,14,630752,0,TRUE,"","0","shared fixed breaks across both periods; zero separated"
"전라남도장흥군","B. 2011-2024","2011-2024",2011,2024,14,"전라남도","장흥군",0,39507.5,14,553105,0,TRUE,"","0","shared fixed breaks across both periods; zero separated"
"전라남도함평군","B. 2011-2024","2011-2024",2011,2024,14,"전라남도","함평군",2,33372.5,14,467215,0.4280684481448584,FALSE,"","0.25-0.75","shared fixed breaks across both periods; zero separated"
"전라남도해남군","B. 2011-2024","2011-2024",2011,2024,14,"전라남도","해남군",0,71988.07142857143,14,1007833.0000000001,0,TRUE,"","0","shared fixed breaks across both periods; zero separated"
"전라남도화순군","B. 2011-2024","2011-2024",2011,2024,14,"전라남도","화순군",1,64544.57142857143,14,903624,0.11066549803900738,FALSE,"","0.10-0.25","shared fixed breaks across both periods; zero separated"
"전라북도고창군","B. 2011-2024","2011-2024",2011,2024,14,"전라북도","고창군",0,56983,14,797762,0,TRUE,"","0","shared fixed breaks across both periods; zero separated"
"전라북도군산시","B. 2011-2024","2011-2024",2011,2024,14,"전라북도","군산시",1,271271.14285714284,14,3797796,0.02633106148934803,FALSE,"",">0-0.05","shared fixed breaks across both periods; zero separated"
"전라북도김제시","B. 2011-2024","2011-2024",2011,2024,14,"전라북도","김제시",1,86163.71428571429,14,1206292,0.08289866798420284,FALSE,"","0.05-0.10","shared fixed breaks across both periods; zero separated"
"전라북도남원시","B. 2011-2024","2011-2024",2011,2024,14,"전라북도","남원시",1,82381.92857142857,14,1153347,0.08670417489272526,FALSE,"","0.05-0.10","shared fixed breaks across both periods; zero separated"
"전라북도무주군","B. 2011-2024","2011-2024",2011,2024,14,"전라북도","무주군",1,24528.428571428572,14,343398,0.29120728717115413,FALSE,"","0.25-0.75","shared fixed breaks across both periods; zero separated"
"전라북도부안군","B. 2011-2024","2011-2024",2011,2024,14,"전라북도","부안군",1,54471.71428571428,14,762604,0.13112965575842772,FALSE,"","0.10-0.25","shared fixed breaks across both periods; zero separated"
"전라북도순창군","B. 2011-2024","2011-2024",2011,2024,14,"전라북도","순창군",0,28761.14285714286,14,402656,0,TRUE,"","0","shared fixed breaks across both periods; zero separated"
"전라북도완주군","B. 2011-2024","2011-2024",2011,2024,14,"전라북도","완주군",0,92420,14,1293880,0,TRUE,"","0","shared fixed breaks across both periods; zero separated"
"전라북도익산시","B. 2011-2024","2011-2024",2011,2024,14,"전라북도","익산시",1,291686.5714285714,14,4083612,0.024488124728794018,FALSE,"",">0-0.05","shared fixed breaks across both periods; zero separated"
"전라북도임실군","B. 2011-2024","2011-2024",2011,2024,14,"전라북도","임실군",0,28724.214285714286,14,402139,0,TRUE,"","0","shared fixed breaks across both periods; zero separated"
"전라북도장수군","B. 2011-2024","2011-2024",2011,2024,14,"전라북도","장수군",0,22522.571428571428,14,315316,0,TRUE,"","0","shared fixed breaks across both periods; zero separated"
"전라북도전주시","B. 2011-2024","2011-2024",2011,2024,14,"전라북도","전주시",11,650054.6428571428,14,9100765,0.12086895991710588,FALSE,"","0.10-0.25","shared fixed breaks across both periods; zero separated"
"전라북도정읍시","B. 2011-2024","2011-2024",2011,2024,14,"전라북도","정읍시",2,112059.14285714286,14,1568828,0.12748370120880045,FALSE,"","0.10-0.25","shared fixed breaks across both periods; zero separated"
"전라북도진안군","B. 2011-2024","2011-2024",2011,2024,14,"전라북도","진안군",0,25883.785714285714,14,362373,0,TRUE,"","0","shared fixed breaks across both periods; zero separated"
"제주도서귀포시","B. 2011-2024","2011-2024",2011,2024,14,"제주도","서귀포시",1,172461.35714285713,14,2414459,0.04141714562144149,FALSE,"",">0-0.05","shared fixed breaks across both periods; zero separated"
"제주도제주시","B. 2011-2024","2011-2024",2011,2024,14,"제주도","제주시",3,470213.5714285714,14,6582990,0.04557199691933301,FALSE,"",">0-0.05","shared fixed breaks across both periods; zero separated"
"충청남도계룡시","B. 2011-2024","2011-2024",2011,2024,14,"충청남도","계룡시",0,43204.92857142857,14,604869,0,TRUE,"","0","shared fixed breaks across both periods; zero separated"
"충청남도공주시","B. 2011-2024","2011-2024",2011,2024,14,"충청남도","공주시",0,109240.35714285714,14,1529365,0,TRUE,"","0","shared fixed breaks across both periods; zero separated"
"충청남도금산군","B. 2011-2024","2011-2024",2011,2024,14,"충청남도","금산군",1,53064.71428571428,14,742906,0.13460653164734165,FALSE,"","0.10-0.25","shared fixed breaks across both periods; zero separated"
"충청남도논산시","B. 2011-2024","2011-2024",2011,2024,14,"충청남도","논산시",1,119735.57142857143,14,1676298,0.05965526415947522,FALSE,"","0.05-0.10","shared fixed breaks across both periods; zero separated"
"충청남도당진시","B. 2011-2024","2011-2024",2011,2024,14,"충청남도","당진시",0,164686.57142857142,14,2305612,0,TRUE,"","0","shared fixed breaks across both periods; zero separated"
"충청남도보령시","B. 2011-2024","2011-2024",2011,2024,14,"충청남도","보령시",0,101536.71428571429,14,1421514,0,TRUE,"","0","shared fixed breaks across both periods; zero separated"
"충청남도부여군","B. 2011-2024","2011-2024",2011,2024,14,"충청남도","부여군",0,67776.07142857143,14,948865.0000000001,0,TRUE,"","0","shared fixed breaks across both periods; zero separated"
"충청남도서산시","B. 2011-2024","2011-2024",2011,2024,14,"충청남도","서산시",3,171341,14,2398774,0.12506388680217476,FALSE,"","0.10-0.25","shared fixed breaks across both periods; zero separated"
"충청남도서천군","B. 2011-2024","2011-2024",2011,2024,14,"충청남도","서천군",0,54238.142857142855,14,759334,0,TRUE,"","0","shared fixed breaks across both periods; zero separated"
"충청남도아산시","B. 2011-2024","2011-2024",2011,2024,14,"충청남도","아산시",2,310816.71428571426,14,4351434,0.04596185992939339,FALSE,"",">0-0.05","shared fixed breaks across both periods; zero separated"
"충청남도예산군","B. 2011-2024","2011-2024",2011,2024,14,"충청남도","예산군",1,81164.21428571429,14,1136299,0.08800500572472562,FALSE,"","0.05-0.10","shared fixed breaks across both periods; zero separated"
"충청남도천안시","B. 2011-2024","2011-2024",2011,2024,14,"충청남도","천안시",3,627651.9285714285,14,8787127,0.03414085172548434,FALSE,"",">0-0.05","shared fixed breaks across both periods; zero separated"
"충청남도청양군","B. 2011-2024","2011-2024",2011,2024,14,"충청남도","청양군",0,31596.35714285714,14,442349,0,TRUE,"","0","shared fixed breaks across both periods; zero separated"
"충청남도태안군","B. 2011-2024","2011-2024",2011,2024,14,"충청남도","태안군",0,62398.142857142855,14,873574,0,TRUE,"","0","shared fixed breaks across both periods; zero separated"
"충청남도홍성군","B. 2011-2024","2011-2024",2011,2024,14,"충청남도","홍성군",0,96422,14,1349908,0,TRUE,"","0","shared fixed breaks across both periods; zero separated"
"충청북도괴산군","B. 2011-2024","2011-2024",2011,2024,14,"충청북도","괴산군",1,38141.28571428572,14,533978,0.18727363299611594,FALSE,"","0.10-0.25","shared fixed breaks across both periods; zero separated"
"충청북도단양군","B. 2011-2024","2011-2024",2011,2024,14,"충청북도","단양군",0,29768.785714285714,14,416763,0,TRUE,"","0","shared fixed breaks across both periods; zero separated"
"충청북도보은군","B. 2011-2024","2011-2024",2011,2024,14,"충청북도","보은군",0,33156.71428571428,14,464193.99999999994,0,TRUE,"","0","shared fixed breaks across both periods; zero separated"
"충청북도영동군","B. 2011-2024","2011-2024",2011,2024,14,"충청북도","영동군",1,48465.28571428572,14,678514,0.1473808941304085,FALSE,"","0.10-0.25","shared fixed breaks across both periods; zero separated"
"충청북도옥천군","B. 2011-2024","2011-2024",2011,2024,14,"충청북도","옥천군",0,51295.142857142855,14,718132,0,TRUE,"","0","shared fixed breaks across both periods; zero separated"
"충청북도음성군","B. 2011-2024","2011-2024",2011,2024,14,"충청북도","음성군",0,93970.07142857143,14,1315581,0,TRUE,"","0","shared fixed breaks across both periods; zero separated"
"충청북도제천시","B. 2011-2024","2011-2024",2011,2024,14,"충청북도","제천시",4,134476.35714285713,14,1882668.9999999998,0.21246432591177739,FALSE,"","0.10-0.25","shared fixed breaks across both periods; zero separated"
"충청북도증평군","B. 2011-2024","2011-2024",2011,2024,14,"충청북도","증평군",0,36373.28571428572,14,509226.00000000006,0,TRUE,"","0","shared fixed breaks across both periods; zero separated"
"충청북도진천군","B. 2011-2024","2011-2024",2011,2024,14,"충청북도","진천군",0,75359.35714285714,14,1055031,0,TRUE,"","0","shared fixed breaks across both periods; zero separated"
"충청북도청주시","B. 2011-2024","2011-2024",2011,2024,14,"충청북도","청주시",3,837940.1428571428,14,11731162,0.025572914260326467,FALSE,"",">0-0.05","shared fixed breaks across both periods; zero separated"
"충청북도충주시","B. 2011-2024","2011-2024",2011,2024,14,"충청북도","충주시",4,208727.2857142857,14,2922182,0.13688401338451883,FALSE,"","0.10-0.25","shared fixed breaks across both periods; zero separated"
